frame,seconds,bestY,templateMeanAbsoluteError
0,0.0,677,28.269504
1,0.011167,677,28.280851
2,0.1675,677,28.286525
3,0.178667,677,28.278014
4,0.189833,677,28.286525
5,0.201,677,28.286525
6,0.212167,677,28.286525
7,0.223333,677,28.286525
8,0.2345,677,28.286525
9,0.245667,677,28.286525
10,0.268,677,28.286525
11,0.279167,677,28.286525
12,0.290333,677,28.276596
13,0.3015,677,28.276596
14,0.312667,677,28.276596
15,0.323833,677,28.276596
16,0.346167,677,28.276596
17,0.3685,677,28.276596
18,0.379667,677,28.276596
19,0.390833,677,28.276596
20,0.402,677,28.276596
21,0.413167,677,28.276596
22,0.424333,677,28.276596
23,0.446667,677,28.276596
24,0.469,677,28.286525
25,0.480167,677,28.286525
26,0.491333,677,28.303546
27,0.5025,677,28.303546
28,0.513667,677,28.303546
29,0.524833,677,28.303546
30,0.536,677,28.303546
31,0.547167,677,28.303546
32,0.558333,677,28.303546
33,0.5695,677,28.303546
34,0.580667,677,28.303546
35,0.591833,677,28.303546
36,0.603,677,28.246809
37,0.614167,677,28.279433
38,0.6365,677,28.27234
39,0.647667,677,28.27234
40,0.658833,677,28.27234
41,0.67,677,28.27234
42,0.681167,677,28.27234
43,0.692333,677,28.27234
44,0.714667,677,28.27234
45,0.737,677,28.27234
46,0.748167,677,28.27234
47,0.759333,677,28.27234
48,0.7705,677,28.246809
49,0.781667,677,28.279433
50,0.792833,677,28.27234
51,0.815167,677,28.27234
52,0.826333,677,28.27234
53,0.8375,677,28.27234
54,0.848667,677,28.27234
55,0.859833,677,28.27234
56,0.871,677,28.27234
57,0.882167,677,28.27234
58,0.893333,677,28.27234
59,0.915667,677,28.27234
60,0.938,677,28.246809
61,0.949167,677,28.279433
62,0.960333,677,28.27234
63,0.9715,677,28.27234
64,0.982667,677,28.27234
65,1.005,677,28.27234
66,1.016167,677,28.27234
67,1.027333,677,28.27234
68,1.0385,677,28.27234
69,1.049667,677,28.27234
70,1.072,677,28.27234
71,1.083167,677,28.27234
72,1.094333,677,28.246809
73,1.1055,677,28.279433
74,1.116667,677,28.27234
75,1.139,677,28.27234
76,1.150167,677,28.27234
77,1.161333,677,28.27234
78,1.1725,677,28.27234
79,1.183667,677,28.27234
80,1.206,677,28.27234
81,1.217167,677,28.27234
82,1.228333,677,28.27234
83,1.2395,677,28.27234
84,1.250667,677,28.246809
85,1.273,677,28.279433
86,1.284167,677,28.27234
87,1.295333,677,28.27234
88,1.3065,677,28.27234
89,1.317667,677,28.27234
90,1.34,677,28.27234
91,1.351167,677,28.27234
92,1.362333,677,28.27234
93,1.384667,677,28.27234
94,1.395833,677,28.27234
95,1.407,677,28.27234
96,1.418167,677,28.246809
97,1.429333,677,28.279433
98,1.4405,677,28.27234
99,1.451667,677,28.27234
100,1.462833,677,28.27234
101,1.485167,677,28.27234
102,1.496333,677,28.27234
103,1.5075,677,28.27234
104,1.518667,677,28.27234
105,1.541,677,28.27234
106,1.552167,677,28.27234
107,1.563333,677,28.27234
108,1.5745,677,28.246809
109,1.585667,677,28.279433
110,1.596833,677,28.27234
111,1.608,677,28.27234
112,1.619167,677,28.27234
113,1.630333,677,28.27234
114,1.6415,677,28.27234
115,1.652667,677,28.27234
116,1.675,677,28.27234
117,1.686167,677,28.27234
118,1.697333,677,28.27234
119,1.7085,677,28.27234
120,1.719667,677,28.246809
121,1.742,677,28.279433
122,1.753167,677,28.27234
123,1.764333,677,28.27234
124,1.7755,677,28.27234
125,1.786667,677,28.27234
126,1.809,677,28.27234
127,1.820167,677,28.27234
128,1.831333,677,28.27234
129,1.853667,677,28.27234
130,1.876,677,28.27234
131,1.887167,677,28.27234
132,1.898333,677,28.246809
133,1.9095,677,28.279433
134,1.920667,677,28.27234
135,1.943,677,28.27234
136,1.954167,677,28.27234
137,1.965333,677,28.27234
138,1.9765,677,28.27234
139,1.987667,677,28.27234
140,1.998833,677,28.27234
141,2.01,677,28.27234
142,2.021167,677,28.27234
143,2.032333,677,28.27234
144,2.054667,677,28.246809
145,2.065833,677,28.279433
146,2.077,677,28.27234
147,2.088167,677,28.27234
148,2.099333,677,28.27234
149,2.1105,677,28.27234
150,2.121667,677,28.27234
151,2.132833,677,28.27234
152,2.144,677,28.27234
153,2.155167,677,28.27234
154,2.1775,677,28.27234
155,2.199833,677,28.27234
156,2.211,677,28.246809
157,2.222167,677,28.279433
158,2.2445,677,28.27234
159,2.255667,677,28.27234
160,2.266833,677,28.27234
161,2.278,677,28.27234
162,2.289167,677,28.269504
163,2.300333,677,28.270922
164,2.3115,677,28.265248
165,2.322667,677,28.269504
166,2.333833,677,28.279433
167,2.345,677,28.29078
168,2.356167,677,28.286525
169,2.367333,677,28.286525
170,2.3785,677,28.286525
171,2.400833,677,28.279433
172,2.412,677,28.280851
173,2.423167,677,28.292199
174,2.434333,677,28.29078
175,2.4455,677,28.29078
176,2.467833,677,28.29078
177,2.479,677,28.29078
178,2.490167,677,28.29078
179,2.501333,677,28.29078
180,2.5125,677,28.276596
181,2.534833,677,28.276596
182,2.546,677,28.276596
183,2.557167,677,28.276596
184,2.568333,677,28.276596
185,2.5795,677,28.276596
186,2.601833,677,28.276596
187,2.613,677,28.276596
188,2.624167,677,28.276596
189,2.6465,677,28.276596
190,2.657667,677,28.276596
191,2.668833,677,28.276596
192,2.68,677,28.276596
193,2.691167,677,28.276596
194,2.702333,677,28.276596
195,2.7135,677,28.276596
196,2.724667,677,28.276596
197,2.735833,677,28.276596
198,2.747,677,28.276596
199,2.769333,677,28.276596
200,2.7805,677,28.276596
201,2.791667,677,28.276596
202,2.802833,677,28.276596
203,2.814,677,28.276596
204,2.825167,677,28.276596
205,2.836333,677,28.276596
206,2.8475,677,28.276596
207,2.869833,677,28.276596
208,2.881,677,28.276596
209,2.892167,677,28.276596
210,2.903333,677,28.276596
211,2.9145,677,28.276596
212,2.925667,677,28.276596
213,2.948,677,28.276596
214,2.959167,677,28.276596
215,2.970333,677,28.276596
216,2.9815,677,28.276596
217,2.992667,677,28.276596
218,3.015,677,28.276596
219,3.026167,677,28.276596
220,3.037333,677,28.276596
221,3.0485,677,28.276596
222,3.059667,677,28.276596
223,3.070833,677,28.276596
224,3.082,677,28.276596
225,3.093167,677,28.276596
226,3.104333,677,28.276596
227,3.1155,677,28.276596
228,3.126667,677,28.276596
229,3.137833,677,28.276596
230,3.149,677,28.276596
231,3.160167,677,28.276596
232,3.171333,677,28.276596
233,3.1825,677,28.276596
234,3.193667,677,28.276596
235,3.216,677,28.276596
236,3.227167,677,28.276596
237,3.238333,677,28.276596
238,3.2495,677,28.276596
239,3.260667,677,28.276596
240,3.283,677,28.276596
241,3.294167,677,28.276596
242,3.305333,677,28.276596
243,3.3165,677,28.276596
244,3.327667,677,28.276596
245,3.338833,677,28.276596
246,3.361167,677,28.276596
247,3.372333,677,28.276596
248,3.3835,677,28.276596
249,3.394667,677,28.276596
250,3.405833,677,28.276596
251,3.417,677,28.276596
252,3.439333,677,28.276596
253,3.4505,677,28.276596
254,3.461667,677,28.276596
255,3.472833,677,28.276596
256,3.484,677,28.276596
257,3.495167,677,28.276596
258,3.506333,677,28.276596
259,3.5175,677,28.276596
260,3.528667,677,28.276596
261,3.539833,677,28.276596
262,3.551,677,28.276596
263,3.562167,677,28.276596
264,3.573333,677,28.276596
265,3.5845,677,28.276596
266,3.595667,677,28.276596
267,3.606833,677,28.276596
268,3.618,677,28.276596
269,3.640333,677,28.276596
270,3.6515,677,28.276596
271,3.662667,677,28.276596
272,3.673833,677,28.276596
273,3.696167,677,28.276596
274,3.707333,677,28.276596
275,3.7185,677,28.276596
276,3.729667,677,28.276596
277,3.740833,677,28.276596
278,3.752,677,28.276596
279,3.774333,677,28.276596
280,3.7855,677,28.276596
281,3.796667,677,28.276596
282,3.807833,677,28.276596
283,3.819,677,28.276596
284,3.830167,677,28.276596
285,3.8525,677,28.276596
286,3.874833,677,28.276596
287,3.886,677,28.276596
288,3.897167,677,28.246809
289,3.908333,677,28.279433
290,3.9195,677,28.27234
291,3.930667,677,28.27234
292,3.941833,677,28.27234
293,3.953,677,28.27234
294,3.964167,677,28.27234
295,3.975333,677,28.27234
296,3.9865,677,28.27234
297,3.997667,677,28.27234
298,4.008833,677,28.27234
299,4.02,677,28.27234
300,4.031167,677,28.246809
301,4.042333,677,28.279433
302,4.0535,677,28.27234
303,4.064667,677,28.27234
304,4.075833,677,28.27234
305,4.087,677,28.27234
306,4.109333,677,28.27234
307,4.1205,677,28.27234
308,4.131667,677,28.27234
309,4.142833,677,28.27234
310,4.154,677,28.27234
311,4.176333,677,28.27234
312,4.1875,677,28.246809
313,4.198667,677,28.279433
314,4.209833,677,28.27234
315,4.221,677,28.27234
316,4.232167,714,0.750355
317,4.2545,714,0.58156
318,4.265667,714,0.478014
319,4.276833,714,0.436879
320,4.288,714,0.351773
321,4.299167,714,0.330496
322,4.310333,714,0.299291
323,4.3215,714,0.273759
324,4.332667,714,0.158865
325,4.343833,714,0.147518
326,4.355,714,0.133333
327,4.366167,714,0.12766
328,4.377333,714,0.107801
329,4.399667,714,0.103546
330,4.410833,714,0.103546
331,4.422,714,0.103546
332,4.433167,714,0.103546
333,4.444333,714,0.103546
334,4.4555,714,0.103546
335,4.477833,714,0.103546
336,4.500167,714,0.0
337,4.511333,714,0.0
338,4.5225,714,0.0
339,4.533667,714,0.0
340,4.544833,714,0.0
341,4.556,714,0.0
342,4.567167,714,0.0
343,4.578333,714,0.0
344,4.600667,714,0.0
345,4.611833,714,0.0
346,4.623,714,0.0
347,4.634167,714,0.0
348,4.645333,714,0.0
349,4.6565,714,0.0
350,4.678833,714,0.0
351,4.69,714,0.0
352,4.701167,714,0.0
353,4.712333,714,0.0
354,4.7235,714,0.0
355,4.734667,714,0.0
356,4.745833,714,0.0
357,4.768167,714,0.0
358,4.779333,714,0.0
359,4.7905,714,0.0
360,4.801667,714,0.0
361,4.812833,714,0.0
362,4.835167,714,0.0
363,4.846333,714,0.0
364,4.8575,714,0.0
365,4.868667,714,0.0
366,4.879833,714,0.0
367,4.891,714,0.0
368,4.902167,714,0.0
369,4.913333,714,0.0
370,4.9245,714,0.0
371,4.935667,714,0.0
372,4.946833,714,0.0
373,4.958,714,0.0
374,4.980333,714,0.0
375,4.9915,714,0.0
376,5.002667,714,0.0
377,5.013833,714,0.0
378,5.025,714,0.0
379,5.047333,714,0.0
380,5.069667,714,0.0
381,5.080833,714,0.0
382,5.092,714,0.0
383,5.103167,714,0.0
384,5.114333,714,0.0
385,5.1255,714,0.0
386,5.147833,714,0.0
387,5.159,714,0.0
388,5.170167,714,0.0
389,5.181333,714,0.0
390,5.1925,714,0.0
391,5.203667,714,0.0
392,5.214833,714,0.0
393,5.226,714,0.0
394,5.237167,714,0.0
395,5.248333,714,0.0
396,5.270667,714,0.0
397,5.281833,714,0.0
398,5.293,714,0.0
399,5.304167,714,0.0
400,5.315333,714,0.0
401,5.337667,714,0.0
402,5.348833,714,0.0
403,5.36,714,0.0
404,5.371167,714,0.0
405,5.382333,714,0.0
406,5.3935,714,0.0
407,5.415833,714,0.0
408,5.427,714,0.0
409,5.438167,714,0.0
410,5.449333,714,0.0
411,5.4605,714,0.0
412,5.482833,714,0.0
413,5.505167,714,0.0
414,5.516333,714,0.0
415,5.5275,714,0.0
416,5.538667,714,0.0
417,5.549833,714,0.0
418,5.572167,714,0.0
419,5.583333,714,0.0
420,5.5945,714,0.0
421,5.605667,714,0.0
422,5.616833,714,0.0
423,5.628,714,0.0
424,5.639167,714,0.0
425,5.650333,714,0.0
426,5.6615,714,0.0
427,5.672667,714,0.0
428,5.683833,714,0.0
429,5.695,714,0.0
430,5.706167,714,0.0
431,5.717333,714,0.0
432,5.7285,714,0.0
433,5.739667,714,0.0
434,5.750833,714,0.0
435,5.762,714,0.0
436,5.784333,714,0.0
437,5.7955,714,0.0
438,5.806667,714,0.0
439,5.817833,714,0.0
440,5.829,714,0.0
441,5.851333,714,0.0
442,5.873667,714,0.0
443,5.884833,714,0.0
444,5.896,714,0.0
445,5.907167,714,0.0
446,5.918333,714,0.0
447,5.940667,714,0.0
448,5.951833,714,0.0
449,5.963,714,0.0
450,5.974167,714,0.0
451,5.985333,714,0.0
452,5.9965,714,0.0
453,6.007667,714,0.0
454,6.018833,714,0.0
455,6.03,714,0.0
456,6.052333,714,0.0
457,6.0635,714,0.0
458,6.074667,714,0.0
459,6.085833,714,0.0
460,6.097,714,0.0
461,6.108167,714,0.0
462,6.119333,714,0.0
463,6.1305,714,0.0
464,6.141667,714,0.0
465,6.152833,714,0.0
466,6.164,714,0.0
467,6.186333,714,0.0
468,6.208667,714,0.0
469,6.219833,714,0.0
470,6.231,714,0.0
471,6.242167,714,0.0
472,6.253333,714,0.0
473,6.2645,714,0.0
474,6.275667,714,0.0
475,6.286833,714,0.0
476,6.298,714,0.0
477,6.309167,714,0.0
478,6.320333,714,0.0
479,6.3315,714,0.0
480,6.353833,714,0.0
481,6.365,714,0.0
482,6.376167,714,0.0
483,6.387333,714,0.0
484,6.3985,714,0.0
485,6.420833,714,0.0
486,6.443167,714,0.0
487,6.454333,714,0.0
488,6.4655,714,0.0
489,6.476667,714,0.0
490,6.487833,714,0.0
491,6.499,714,0.0
492,6.521333,714,0.0
493,6.5325,714,0.0
494,6.543667,714,0.0
495,6.554833,714,0.0
496,6.566,714,0.0
497,6.577167,714,0.0
498,6.588333,714,0.0
499,6.610667,714,0.0
500,6.621833,714,0.0
501,6.633,714,0.0
502,6.644167,714,0.0
503,6.655333,714,0.0
504,6.6665,714,0.0
505,6.677667,714,0.0
506,6.688833,714,0.0
507,6.711167,714,0.0
508,6.7335,714,0.0
509,6.744667,714,0.0
510,6.755833,714,0.0
511,6.767,714,0.0
512,6.778167,714,0.0
513,6.789333,714,0.0
514,6.8005,714,0.0
515,6.811667,714,0.0
516,6.822833,714,0.0
517,6.834,714,0.0
518,6.845167,714,0.0
519,6.856333,714,0.0
520,6.8675,714,0.0
521,6.878667,714,0.0
522,6.901,714,0.0
523,6.912167,714,0.0
524,6.923333,714,0.0
525,6.945667,714,0.0
526,6.956833,714,0.0
527,6.968,714,0.0
528,6.979167,714,0.0
529,6.990333,714,0.0
530,7.012667,714,0.0
531,7.023833,714,0.0
532,7.046167,714,0.0
533,7.057333,714,0.0
534,7.0685,714,0.0
535,7.079667,714,0.0
536,7.090833,714,0.0
537,7.102,714,0.0
538,7.113167,714,0.0
539,7.124333,714,0.0
540,7.1355,714,0.0
541,7.146667,714,0.0
542,7.157833,714,0.0
543,7.169,714,0.0
544,7.180167,714,0.0
545,7.191333,714,0.0
546,7.2025,714,0.0
547,7.213667,714,0.0
548,7.224833,714,0.0
549,7.236,714,0.0
550,7.247167,714,0.0
551,7.258333,714,0.0
552,7.2695,714,0.0
553,7.280667,714,0.0
554,7.291833,714,0.0
555,7.303,714,0.0
556,7.314167,714,0.0
557,7.325333,714,0.0
558,7.3365,714,0.0
559,7.347667,714,0.0
560,7.358833,714,0.0
561,7.37,714,0.0
562,7.381167,714,0.0
563,7.392333,714,0.0
564,7.4035,714,0.0
565,7.414667,714,0.0
566,7.425833,714,0.0
567,7.437,714,0.0
568,7.448167,714,0.0
569,7.459333,714,0.0
570,7.4705,714,0.0
571,7.481667,714,0.0
572,7.492833,714,0.0
573,7.504,714,0.0
574,7.515167,714,0.0
575,7.526333,714,0.0
576,7.5375,714,0.0
577,7.548667,714,0.0
578,7.571,714,0.0
579,7.582167,714,0.0
580,7.593333,714,0.0
581,7.6045,714,0.0
582,7.615667,714,0.0
583,7.626833,714,0.0
584,7.638,714,0.0
585,7.649167,714,0.0
586,7.6715,714,0.0
587,7.682667,714,0.0
588,7.693833,714,0.0
589,7.705,714,0.0
590,7.716167,714,0.0
591,7.727333,714,0.0
592,7.749667,714,0.0
593,7.760833,714,0.0
594,7.772,714,0.0
595,7.783167,714,0.0
596,7.794333,714,0.0
597,7.8055,714,0.0
598,7.816667,714,0.0
599,7.839,714,0.0
600,7.850167,714,0.0
601,7.861333,714,0.0
602,7.8725,714,0.0
603,7.883667,714,0.0
604,7.906,714,0.0
605,7.917167,714,0.0
606,7.928333,714,0.0
607,7.9395,714,0.0
608,7.950667,714,0.0
609,7.961833,714,0.0
610,7.973,714,0.0
611,7.984167,714,0.0
612,7.995333,714,0.0
613,8.0065,714,0.0
614,8.017667,714,0.0
615,8.028833,714,0.0
616,8.04,714,0.0
617,8.051167,714,0.0
618,8.062333,714,0.0
619,8.0735,714,0.0
620,8.084667,714,0.0
621,8.095833,714,0.0
622,8.107,714,0.0
623,8.118167,714,0.0
624,8.129333,714,0.0
625,8.151667,714,0.0
626,8.162833,714,0.0
627,8.174,714,0.0
628,8.185167,714,0.0
629,8.2075,714,0.0
630,8.218667,714,0.0
631,8.229833,714,0.0
632,8.241,714,0.0
633,8.252167,714,0.0
634,8.263333,714,0.0
635,8.285667,714,0.0
636,8.296833,714,0.085106
637,8.308,714,0.083688
638,8.319167,714,0.075177
639,8.330333,714,0.075177
640,8.3415,714,0.075177
641,8.352667,714,0.075177
642,8.363833,714,0.075177
643,8.375,714,0.075177
644,8.386167,714,0.075177
645,8.397333,714,0.075177
646,8.4085,714,0.075177
647,8.419667,714,0.075177
648,8.430833,714,0.0
649,8.442,714,0.0
650,8.453167,714,0.0
651,8.4755,714,0.0
652,8.486667,714,0.0
653,8.497833,714,0.0
654,8.509,714,0.0
655,8.520167,714,0.0
656,8.5425,714,0.0
657,8.553667,714,0.0
658,8.564833,714,0.0
659,8.576,714,0.0
660,8.587167,714,0.0
661,8.598333,714,0.0
662,8.6095,714,0.0
663,8.620667,714,0.0
664,8.631833,714,0.0
665,8.643,714,0.0
666,8.654167,714,0.0
667,8.665333,714,0.0
668,8.6765,714,0.0
669,8.687667,714,0.0
670,8.698833,714,0.0
671,8.71,714,0.0
672,8.721167,714,0.0
673,8.732333,714,0.0
674,8.7435,714,0.0
675,8.754667,714,0.0
676,8.765833,714,0.0
677,8.777,714,0.0
678,8.788167,714,0.0
679,8.799333,714,0.0
680,8.8105,714,0.0
681,8.821667,714,0.0
682,8.832833,714,0.0
683,8.844,714,0.0
684,8.855167,714,0.0
685,8.8775,714,0.0
686,8.888667,714,0.0
687,8.911,714,0.0
688,8.922167,714,0.0
689,8.9445,714,0.0
690,8.955667,714,0.0
691,8.966833,714,0.0
692,8.978,714,0.0
693,8.989167,714,0.0
694,9.000333,714,0.0
695,9.0115,714,0.0
696,9.022667,714,0.0
697,9.033833,714,0.0
698,9.045,714,0.0
699,9.056167,714,0.0
700,9.0785,714,0.0
701,9.100833,714,0.0
702,9.112,714,0.0
703,9.123167,714,0.0
704,9.134333,714,0.0
705,9.1455,714,0.0
706,9.156667,714,0.0
707,9.167833,714,0.0
708,9.179,714,0.0
709,9.190167,714,0.0
710,9.201333,714,0.0
711,9.2125,714,0.0
712,9.234833,714,0.0
713,9.246,714,0.0
714,9.257167,714,0.0
715,9.268333,714,0.0
716,9.2795,714,0.0
717,9.290667,714,0.0
718,9.313,714,0.0
719,9.324167,714,0.0
720,9.335333,714,0.0
721,9.3465,714,0.0
722,9.357667,714,0.0
723,9.368833,714,0.0
724,9.38,714,0.0
725,9.391167,714,0.0
726,9.402333,714,0.0
727,9.4135,714,0.0
728,9.424667,714,0.0
729,9.435833,714,0.0
730,9.447,714,0.0
731,9.458167,714,0.0
732,9.469333,714,0.0
733,9.4805,714,0.0
734,9.491667,714,0.0
735,9.502833,714,0.0
736,9.514,714,0.0
737,9.525167,714,0.0
738,9.536333,714,0.0
739,9.5475,714,0.0
740,9.558667,714,0.0
741,9.569833,714,0.0
742,9.581,714,0.0
743,9.592167,714,0.0
744,9.603333,714,0.0
745,9.6145,714,0.0
746,9.636833,714,0.0
747,9.648,714,0.0
748,9.659167,714,0.0
749,9.6815,714,0.0
750,9.692667,714,0.0
751,9.703833,714,0.0
752,9.715,714,0.0
753,9.726167,714,0.0
754,9.7485,714,0.0
755,9.759667,714,0.0
756,9.770833,714,0.0
757,9.782,714,0.0
758,9.793167,714,0.0
759,9.8155,714,0.0
760,9.837833,714,0.0
761,9.849,714,0.0
762,9.860167,714,0.0
763,9.871333,714,0.0
764,9.8825,714,0.0
765,9.904833,714,0.0
766,9.916,714,0.0
767,9.927167,714,0.0
768,9.938333,714,0.0
769,9.9495,714,0.0
770,9.960667,714,0.0
771,9.971833,714,0.0
772,9.983,714,0.0
773,9.994167,714,0.0
774,10.0165,714,0.0
775,10.038833,714,0.0
776,10.05,714,0.0
777,10.061167,714,0.0
778,10.072333,714,0.0
779,10.0835,714,0.0
780,10.105833,714,0.0
781,10.117,714,0.0
782,10.139333,714,0.0
783,10.1505,714,0.0
784,10.161667,714,0.0
785,10.172833,714,0.0
786,10.184,714,0.0
787,10.206333,714,0.0
788,10.2175,714,0.0
789,10.228667,714,0.0
790,10.239833,714,0.0
791,10.251,714,0.0
792,10.262167,714,0.0
793,10.273333,714,0.0
794,10.2845,714,0.0
795,10.295667,714,0.0
796,10.306833,714,0.0
797,10.318,714,0.0
798,10.329167,714,0.0
799,10.340333,714,0.0
800,10.3515,714,0.0
801,10.362667,714,0.0
802,10.373833,714,0.0
803,10.385,714,0.0
804,10.396167,714,0.0
805,10.407333,714,0.0
806,10.4185,714,0.0
807,10.440833,714,0.0
808,10.452,714,0.0
809,10.463167,714,0.0
810,10.474333,714,0.0
811,10.4855,714,0.0
812,10.507833,714,0.0
813,10.519,714,0.0
814,10.530167,714,0.0
815,10.541333,714,0.0
816,10.5525,714,0.0
817,10.563667,714,0.0
818,10.586,714,0.0
819,10.597167,714,0.0
820,10.608333,714,0.0
821,10.6195,714,0.0
822,10.630667,714,0.0
823,10.641833,714,0.0
824,10.653,714,0.0
825,10.664167,714,0.0
826,10.675333,714,0.0
827,10.6865,714,0.0
828,10.697667,714,0.0
829,10.708833,714,0.0
830,10.72,714,0.0
831,10.731167,714,0.0
832,10.742333,714,0.0
833,10.7535,714,0.0
834,10.764667,714,0.0
835,10.787,714,0.0
836,10.798167,714,0.0
837,10.809333,714,0.0
838,10.8205,714,0.0
839,10.831667,714,0.0
840,10.842833,714,0.0
841,10.854,714,0.0
842,10.876333,714,0.0
843,10.8875,714,0.0
844,10.898667,714,0.0
845,10.909833,714,0.0
846,10.921,714,0.0
847,10.932167,714,0.0
848,10.943333,714,0.0
849,10.9545,714,0.0
850,10.965667,714,0.0
851,10.976833,714,0.0
852,10.988,714,0.0
853,10.999167,714,0.0
854,11.010333,714,0.0
855,11.0215,714,0.0
856,11.032667,714,0.0
857,11.043833,714,0.0
858,11.055,714,0.0
859,11.066167,714,0.0
860,11.077333,714,0.0
861,11.099667,714,0.0
862,11.110833,714,0.0
863,11.122,714,0.0
864,11.133167,714,0.0
865,11.144333,714,0.0
866,11.1555,714,0.0
867,11.177833,714,0.0
868,11.189,714,0.0
869,11.200167,714,0.0
870,11.211333,714,0.0
871,11.2225,714,0.0
872,11.233667,714,0.0
873,11.244833,714,0.0
874,11.256,714,0.0
875,11.267167,714,0.0
876,11.278333,714,0.0
877,11.2895,714,0.0
878,11.300667,714,0.0
879,11.311833,714,0.0
880,11.334167,714,0.0
881,11.345333,714,0.0
882,11.3565,714,0.0
883,11.367667,714,0.0
884,11.378833,714,0.0
885,11.39,714,0.0
886,11.401167,714,0.0
887,11.412333,714,0.0
888,11.4235,714,0.0
889,11.434667,714,0.0
890,11.445833,714,0.0
891,11.457,714,0.0
892,11.468167,714,0.0
893,11.479333,714,0.0
894,11.4905,714,0.0
895,11.512833,714,0.0
896,11.535167,714,0.0
897,11.546333,714,0.0
898,11.5575,714,0.0
899,11.568667,714,0.0
900,11.579833,714,0.0
901,11.602167,714,0.0
902,11.613333,714,0.0
903,11.6245,714,0.0
904,11.646833,714,0.0
905,11.658,714,0.0
906,11.669167,714,0.0
907,11.680333,714,0.0
908,11.6915,714,0.0
909,11.713833,714,0.0
910,11.736167,714,0.0
911,11.747333,714,0.0
912,11.7585,714,0.0
913,11.769667,714,0.0
914,11.780833,714,0.0
915,11.803167,714,0.0
916,11.814333,714,0.0
917,11.8255,714,0.0
918,11.836667,714,0.0
919,11.847833,714,0.0
920,11.870167,714,0.0
921,11.881333,714,0.0
922,11.8925,714,0.0
923,11.903667,714,0.0
924,11.914833,714,0.0
925,11.926,714,0.0
926,11.937167,714,0.0
927,11.948333,714,0.0
928,11.970667,714,0.0
929,11.981833,714,0.0
930,11.993,714,0.0
931,12.004167,714,0.0
932,12.015333,714,0.0
933,12.0265,714,0.0
934,12.048833,714,0.0
935,12.06,714,0.0
936,12.071167,714,0.0
937,12.082333,714,0.0
938,12.0935,714,0.0
939,12.104667,714,0.0
940,12.115833,714,0.0
941,12.138167,714,0.0
942,12.149333,714,0.0
943,12.1605,714,0.0
944,12.171667,714,0.0
945,12.182833,714,0.0
946,12.205167,714,0.0
947,12.216333,714,0.0
948,12.2275,714,0.0
949,12.238667,714,0.0
950,12.249833,714,0.0
951,12.261,714,0.0
952,12.272167,714,0.0
953,12.283333,714,0.0
954,12.305667,714,0.0
955,12.316833,714,0.0
956,12.328,714,0.0
957,12.339167,714,0.0
958,12.350333,714,0.0
959,12.3615,714,0.0
960,12.372667,714,0.0
961,12.383833,714,0.0
962,12.406167,714,0.0
963,12.417333,714,0.0
964,12.4285,714,0.0
965,12.439667,714,0.0
966,12.450833,714,0.0
967,12.462,714,0.0
968,12.473167,714,0.0
969,12.484333,714,0.0
970,12.506667,714,0.0
971,12.517833,714,0.0
972,12.529,714,0.0
973,12.540167,714,0.0
974,12.551333,714,0.0
975,12.5625,714,0.0
976,12.573667,714,0.0
977,12.584833,714,0.0
978,12.607167,714,0.0
979,12.618333,714,0.0
980,12.6295,714,0.0
981,12.640667,714,0.0
982,12.651833,714,0.0
983,12.674167,714,0.0
984,12.685333,714,0.0
985,12.6965,714,0.0
986,12.707667,714,0.0
987,12.718833,714,0.0
988,12.741167,714,0.0
989,12.752333,714,0.0
990,12.7635,714,0.0
991,12.774667,714,0.0
992,12.785833,714,0.0
993,12.797,714,0.0
994,12.808167,714,0.0
995,12.819333,714,0.0
996,12.841667,714,0.0
997,12.852833,714,0.0
998,12.864,714,0.0
999,12.875167,714,0.0
1000,12.886333,714,0.0
1001,12.8975,714,0.0
1002,12.919833,714,0.0
1003,12.931,714,0.0
1004,12.942167,714,0.0
1005,12.953333,714,0.0
1006,12.9645,714,0.0
1007,12.986833,714,0.0
1008,12.998,714,0.0
1009,13.009167,714,0.0
1010,13.020333,714,0.0
1011,13.0315,714,0.0
1012,13.042667,714,0.0
1013,13.053833,714,0.0
1014,13.076167,714,0.0
1015,13.087333,714,0.0
1016,13.0985,714,0.0
1017,13.109667,714,0.0
1018,13.120833,714,0.0
1019,13.132,714,0.0
1020,13.154333,714,0.0
1021,13.1655,714,0.0
1022,13.176667,714,0.0
1023,13.187833,714,0.0
1024,13.199,714,0.0
1025,13.221333,714,0.0
1026,13.243667,714,0.0
1027,13.254833,714,0.0
1028,13.266,714,0.0
1029,13.277167,714,0.0
1030,13.288333,714,0.0
1031,13.310667,714,0.0
1032,13.321833,714,0.0
1033,13.333,714,0.0
1034,13.344167,714,0.0
1035,13.355333,714,0.0
1036,13.3665,714,0.0
1037,13.377667,714,0.0
1038,13.4,714,0.0
1039,13.411167,714,0.0
1040,13.422333,714,0.0
1041,13.4335,714,0.0
1042,13.444667,714,0.0
1043,13.455833,714,0.0
1044,13.467,714,0.0
1045,13.478167,714,0.0
1046,13.489333,714,0.0
1047,13.5005,714,0.0
1048,13.511667,714,0.0
1049,13.522833,714,0.0
1050,13.534,714,0.0
1051,13.545167,714,0.0
1052,13.5675,714,0.0
1053,13.578667,714,0.0
1054,13.589833,714,0.0
1055,13.601,714,0.0
1056,13.612167,714,0.0
1057,13.623333,714,0.0
1058,13.645667,714,0.0
1059,13.656833,714,0.0
1060,13.668,714,0.0
1061,13.679167,714,0.0
1062,13.690333,714,0.0
1063,13.712667,714,0.0
1064,13.723833,714,0.0
1065,13.735,714,0.0
1066,13.746167,714,0.0
1067,13.757333,714,0.0
1068,13.7685,714,0.0
1069,13.779667,714,0.0
1070,13.790833,714,0.0
1071,13.802,714,0.0
1072,13.813167,714,0.0
1073,13.824333,714,0.0
1074,13.8355,714,0.0
1075,13.846667,714,0.0
1076,13.857833,714,0.0
1077,13.869,714,0.0
1078,13.880167,714,0.0
1079,13.891333,714,0.0
1080,13.9025,714,0.0
1081,13.913667,714,0.0
1082,13.924833,714,0.0
1083,13.936,714,0.0
1084,13.947167,714,0.0
1085,13.958333,714,0.0
1086,13.9695,714,0.0
1087,13.980667,714,0.0
1088,13.991833,714,0.0
1089,14.003,714,0.0
1090,14.014167,714,0.0
1091,14.025333,714,0.0
1092,14.0365,714,0.0
1093,14.047667,714,0.0
1094,14.07,714,0.0
1095,14.081167,714,0.0
1096,14.092333,714,0.0
1097,14.1035,714,0.0
1098,14.114667,714,0.0
1099,14.137,714,0.0
1100,14.148167,714,0.0
1101,14.159333,714,0.0
1102,14.1705,714,0.0
1103,14.181667,714,0.0
1104,14.192833,714,0.0
1105,14.215167,714,0.0
1106,14.226333,714,0.0
1107,14.2375,714,0.0
1108,14.248667,714,0.0
1109,14.259833,714,0.0
1110,14.271,714,0.0
1111,14.282167,714,0.0
1112,14.293333,714,0.0
1113,14.315667,714,0.0
1114,14.326833,714,0.0
1115,14.338,714,0.0
1116,14.349167,714,0.0
1117,14.360333,714,0.0
1118,14.382667,714,0.0
1119,14.393833,714,0.0
1120,14.405,714,0.0
1121,14.416167,714,0.0
1122,14.427333,714,0.0
1123,14.4385,714,0.0
1124,14.449667,714,0.0
1125,14.472,714,0.0
1126,14.483167,714,0.0
1127,14.5055,714,0.0
1128,14.516667,714,0.0
1129,14.527833,714,0.0
1130,14.539,714,0.0
1131,14.550167,714,0.0
1132,14.561333,714,0.0
1133,14.5725,714,0.0
1134,14.583667,714,0.0
1135,14.594833,714,0.0
1136,14.606,714,0.0
1137,14.617167,714,0.0
1138,14.628333,714,0.0
1139,14.6395,714,0.0
1140,14.650667,714,0.0
1141,14.661833,714,0.0
1142,14.673,714,0.0
1143,14.684167,714,0.0
1144,14.695333,714,0.0
1145,14.7065,714,0.0
1146,14.717667,714,0.0
1147,14.728833,714,0.0
1148,14.74,714,0.0
1149,14.751167,714,0.0
1150,14.7735,714,0.0
1151,14.784667,714,0.0
1152,14.795833,714,0.0
1153,14.807,714,0.0
1154,14.818167,714,0.0
1155,14.829333,714,0.0
1156,14.8405,714,0.0
1157,14.851667,714,0.0
1158,14.862833,714,0.0
1159,14.874,714,0.0
1160,14.885167,714,0.0
1161,14.9075,714,0.0
1162,14.918667,714,0.0
1163,14.929833,714,0.0
1164,14.941,714,0.0
1165,14.952167,714,0.0
1166,14.963333,714,0.0
1167,14.9745,714,0.0
1168,14.985667,714,0.0
1169,14.996833,714,0.0
1170,15.008,714,0.0
1171,15.019167,714,0.0
1172,15.030333,714,0.0
1173,15.0415,714,0.0
1174,15.052667,714,0.0
1175,15.063833,714,0.0
1176,15.075,714,0.0
1177,15.086167,714,0.0
1178,15.097333,714,0.0
1179,15.1085,714,0.0
1180,15.119667,714,0.0
1181,15.130833,714,0.0
1182,15.142,714,0.0
1183,15.153167,714,0.0
1184,15.1755,714,0.0
1185,15.186667,714,0.0
1186,15.197833,714,0.0
1187,15.220167,714,0.0
1188,15.2425,714,0.0
1189,15.253667,714,0.0
1190,15.264833,714,0.0
1191,15.276,714,0.0
1192,15.287167,714,0.0
1193,15.298333,714,0.0
1194,15.3095,714,0.0
1195,15.320667,714,0.0
1196,15.331833,714,0.0
1197,15.343,714,0.0
1198,15.354167,714,0.0
1199,15.365333,714,0.0
1200,15.3765,714,0.0
1201,15.387667,714,0.0
1202,15.41,714,0.0
1203,15.421167,714,0.0
1204,15.432333,714,0.0
1205,15.4435,714,0.0
1206,15.454667,714,0.0
1207,15.465833,714,0.0
1208,15.477,714,0.0
1209,15.488167,714,0.0
1210,15.499333,714,0.0
1211,15.5105,714,0.0
1212,15.521667,714,0.0
1213,15.532833,714,0.0
1214,15.544,714,0.0
1215,15.555167,714,0.0
1216,15.566333,714,0.0
1217,15.5775,714,0.0
1218,15.599833,714,0.0
1219,15.611,714,0.0
1220,15.622167,714,0.0
1221,15.633333,714,0.0
1222,15.6445,714,0.0
1223,15.655667,714,0.0
1224,15.678,714,0.0
1225,15.689167,714,0.0
1226,15.700333,714,0.0
1227,15.7115,714,0.0
1228,15.722667,714,0.0
1229,15.733833,714,0.0
1230,15.745,714,0.0
1231,15.756167,714,0.0
1232,15.767333,714,0.0
1233,15.7785,714,0.0
1234,15.800833,714,0.0
1235,15.812,714,0.0
1236,15.823167,714,0.0
1237,15.834333,714,0.0
1238,15.8455,714,0.0
1239,15.856667,714,0.0
1240,15.879,714,0.0
1241,15.890167,714,0.0
1242,15.901333,714,0.0
1243,15.9125,714,0.0
1244,15.923667,714,0.0
1245,15.934833,714,0.0
1246,15.946,714,0.0
1247,15.957167,714,0.0
1248,15.968333,714,0.0
1249,15.9795,714,0.0
1250,16.001833,714,0.0
1251,16.013,714,0.0
1252,16.024167,714,0.0
1253,16.035333,714,0.0
1254,16.0465,714,0.0
1255,16.057667,714,0.0
1256,16.068833,714,0.0
1257,16.08,714,0.0
1258,16.091167,714,0.0
1259,16.102333,714,0.0
1260,16.1135,714,0.0
1261,16.124667,714,0.0
1262,16.147,714,0.0
1263,16.158167,714,0.0
1264,16.169333,714,0.0
1265,16.1805,714,0.0
1266,16.191667,714,0.0
1267,16.202833,714,0.0
1268,16.214,714,0.0
1269,16.236333,714,0.0
1270,16.2475,714,0.0
1271,16.258667,714,0.0
1272,16.269833,714,0.0
1273,16.281,714,0.0
1274,16.292167,714,0.0
1275,16.303333,714,0.0
1276,16.3145,714,0.0
1277,16.336833,714,0.0
1278,16.348,714,0.0
1279,16.359167,714,0.0
1280,16.370333,714,0.0
1281,16.3815,714,0.0
1282,16.392667,714,0.0
1283,16.403833,714,0.0
1284,16.415,714,0.0
1285,16.426167,714,0.0
1286,16.459667,714,0.0
1287,16.470833,714,0.0
1288,16.482,714,0.0
1289,16.493167,714,0.0
1290,16.5155,714,0.0
1291,16.537833,714,0.0
1292,16.549,714,0.0
1293,16.560167,714,0.0
1294,16.571333,714,0.0
1295,16.5825,714,0.0
1296,16.593667,714,0.0
1297,16.616,714,0.0
1298,16.638333,714,0.0
1299,16.6495,714,0.0
1300,16.660667,714,0.0
1301,16.671833,714,0.0
1302,16.683,714,0.0
1303,16.694167,714,0.0
1304,16.7165,714,0.0
1305,16.727667,714,0.0
1306,16.738833,714,0.0
1307,16.75,714,0.0
1308,16.761167,714,0.0
1309,16.772333,714,0.0
1310,16.7835,714,0.0
1311,16.805833,714,0.0
1312,16.817,714,0.0
1313,16.828167,714,0.0
1314,16.839333,714,0.0
1315,16.8505,714,0.0
1316,16.861667,714,0.0
1317,16.872833,714,0.0
1318,16.884,714,0.0
1319,16.895167,714,0.0
1320,16.9175,714,0.0
1321,16.928667,714,0.0
1322,16.939833,714,0.0
1323,16.951,714,0.0
1324,16.962167,714,0.0
1325,16.973333,714,0.0
1326,16.9845,714,0.0
1327,16.995667,714,0.0
1328,17.006833,714,0.0
1329,17.018,714,0.0
1330,17.029167,714,0.0
1331,17.040333,714,0.0
1332,17.0515,714,0.0
1333,17.062667,714,0.0
1334,17.073833,714,0.0
1335,17.096167,714,0.0
1336,17.107333,714,0.0
1337,17.1185,714,0.0
1338,17.129667,714,0.0
1339,17.140833,714,0.0
1340,17.152,714,0.0
1341,17.174333,714,0.0
1342,17.1855,714,0.0
1343,17.196667,714,0.0
1344,17.207833,714,0.0
1345,17.219,714,0.0
1346,17.230167,714,0.0
1347,17.241333,714,0.0
1348,17.2525,714,0.0
1349,17.263667,714,0.0
1350,17.274833,714,0.0
1351,17.286,714,0.0
1352,17.297167,714,0.0
1353,17.308333,714,0.0
1354,17.3195,714,0.0
1355,17.341833,714,0.0
1356,17.353,714,0.0
1357,17.364167,714,0.0
1358,17.375333,714,0.0
1359,17.3865,714,0.0
1360,17.408833,714,0.0
1361,17.42,714,0.0
1362,17.431167,714,0.0
1363,17.442333,714,0.0
1364,17.4535,714,0.0
1365,17.464667,714,0.0
1366,17.475833,714,0.0
1367,17.487,714,0.0
1368,17.509333,714,0.0
1369,17.5205,714,0.0
1370,17.531667,714,0.0
1371,17.542833,714,0.0
1372,17.554,714,0.0
1373,17.565167,714,0.0
1374,17.576333,714,0.0
1375,17.5875,714,0.0
1376,17.609833,714,0.0
1377,17.621,714,0.0
1378,17.632167,714,0.0
1379,17.643333,714,0.0
1380,17.6545,714,0.0
1381,17.665667,714,0.0
1382,17.676833,714,0.0
1383,17.699167,714,0.0
1384,17.710333,714,0.0
1385,17.7215,714,0.0
1386,17.732667,714,0.0
1387,17.743833,714,0.0
1388,17.755,714,0.0
1389,17.777333,714,0.0
1390,17.799667,714,0.0
1391,17.810833,714,0.0
1392,17.822,714,0.0
1393,17.833167,714,0.0
1394,17.844333,714,0.0
1395,17.8555,714,0.0
1396,17.866667,714,0.0
1397,17.877833,714,0.0
1398,17.889,714,0.0
1399,17.900167,714,0.0
1400,17.911333,714,0.0
1401,17.9225,714,0.0
1402,17.933667,714,0.0
1403,17.944833,714,0.0
1404,17.956,714,0.0
1405,17.978333,714,0.0
1406,17.9895,714,0.0
1407,18.000667,714,0.0
1408,18.011833,714,0.0
1409,18.023,714,0.0
1410,18.034167,714,0.0
1411,18.045333,714,0.0
1412,18.067667,714,0.0
1413,18.078833,714,0.0
1414,18.09,714,0.0
1415,18.101167,714,0.0
1416,18.112333,714,0.0
1417,18.134667,714,0.0
1418,18.145833,714,0.0
1419,18.157,714,0.0
1420,18.168167,714,0.0
1421,18.179333,714,0.0
1422,18.1905,714,0.0
1423,18.212833,714,0.0
1424,18.235167,714,0.0
1425,18.246333,714,0.0
1426,18.2575,714,0.0
1427,18.268667,714,0.0
1428,18.279833,714,0.0
1429,18.291,714,0.0
1430,18.302167,714,0.0
1431,18.313333,714,0.0
1432,18.335667,714,0.0
1433,18.346833,714,0.0
1434,18.358,714,0.0
1435,18.369167,714,0.0
1436,18.380333,714,0.0
1437,18.3915,714,0.0
1438,18.402667,714,0.0
1439,18.413833,714,0.0
1440,18.425,714,0.0
1441,18.436167,714,0.0
1442,18.447333,714,0.0
1443,18.4585,714,0.0
1444,18.469667,714,0.0
1445,18.480833,714,0.0
1446,18.503167,714,0.0
1447,18.514333,714,0.0
1448,18.5255,714,0.0
1449,18.536667,714,0.0
1450,18.547833,714,0.0
1451,18.559,714,0.0
1452,18.570167,714,0.0
1453,18.581333,714,0.0
1454,18.5925,714,0.0
1455,18.603667,714,0.0
1456,18.614833,714,0.0
1457,18.626,714,0.0
1458,18.637167,714,0.0
1459,18.648333,714,0.0
1460,18.6595,714,0.0
1461,18.681833,714,0.0
1462,18.704167,714,0.0
1463,18.715333,714,0.0
1464,18.7265,714,0.0
1465,18.737667,714,0.0
1466,18.748833,714,0.0
1467,18.76,714,0.0
1468,18.771167,714,0.0
1469,18.782333,714,0.0
1470,18.7935,714,0.0
1471,18.804667,714,0.0
1472,18.815833,714,0.0
1473,18.827,714,0.0
1474,18.838167,714,0.0
1475,18.849333,714,0.0
1476,18.8605,714,0.0
1477,18.871667,714,0.0
1478,18.882833,714,0.0
1479,18.905167,714,0.0
1480,18.916333,714,0.0
1481,18.9275,714,0.0
1482,18.938667,714,0.0
1483,18.949833,714,0.0
1484,18.961,714,0.0
1485,18.983333,714,0.0
1486,19.005667,714,0.0
1487,19.016833,714,0.0
1488,19.028,714,0.0
1489,19.039167,714,0.0
1490,19.050333,714,0.0
1491,19.0615,714,0.0
1492,19.072667,714,0.0
1493,19.083833,714,0.0
1494,19.106167,714,0.0
1495,19.117333,714,0.0
1496,19.1285,714,0.0
1497,19.150833,714,0.0
1498,19.162,714,0.0
1499,19.173167,714,0.0
1500,19.184333,714,0.0
1501,19.1955,714,0.0
1502,19.206667,714,0.0
1503,19.217833,714,0.0
1504,19.229,714,0.0
1505,19.240167,714,0.0
1506,19.251333,714,0.0
1507,19.273667,714,0.0
1508,19.284833,714,0.0
1509,19.296,714,0.0
1510,19.307167,714,0.0
1511,19.318333,714,0.0
1512,19.3295,714,0.0
1513,19.340667,714,0.0
1514,19.351833,714,0.0
1515,19.363,714,0.0
1516,19.374167,714,0.0
1517,19.385333,714,0.0
1518,19.3965,714,0.0
1519,19.407667,714,0.0
1520,19.418833,714,0.0
1521,19.441167,714,0.0
1522,19.452333,714,0.0
1523,19.4635,714,0.0
1524,19.474667,714,0.0
1525,19.485833,714,0.0
1526,19.497,714,0.0
1527,19.519333,714,0.0
1528,19.5305,714,0.0
1529,19.541667,714,0.0
1530,19.552833,714,0.0
1531,19.564,714,0.0
1532,19.575167,714,0.0
1533,19.5975,714,0.0
1534,19.608667,714,0.0
1535,19.619833,714,0.0
1536,19.631,714,0.0
1537,19.642167,714,0.0
1538,19.653333,714,0.0
1539,19.675667,714,0.0
1540,19.686833,714,0.0
1541,19.698,714,0.0
1542,19.720333,714,0.0
1543,19.7315,714,0.0
1544,19.742667,714,0.0
1545,19.753833,714,0.0
1546,19.765,714,0.0
1547,19.776167,714,0.0
1548,19.787333,714,0.0
1549,19.7985,714,0.0
1550,19.809667,714,0.0
1551,19.820833,714,0.0
1552,19.832,714,0.0
1553,19.843167,714,0.0
1554,19.854333,714,0.0
1555,19.876667,714,0.0
1556,19.887833,714,0.0
1557,19.899,714,0.0
1558,19.910167,714,0.0
1559,19.921333,714,0.0
1560,19.9325,714,0.0
1561,19.943667,714,0.0
1562,19.954833,714,0.0
1563,19.977167,714,0.0
1564,19.988333,714,0.0
1565,19.9995,714,0.0
1566,20.010667,714,0.0
1567,20.021833,714,0.0
1568,20.033,714,0.0
1569,20.044167,714,0.0
1570,20.0665,714,0.0
1571,20.077667,714,0.0
1572,20.088833,714,0.0
1573,20.1,714,0.0
1574,20.111167,714,0.0
1575,20.122333,714,0.0
1576,20.1335,714,0.0
1577,20.144667,714,0.0
1578,20.155833,714,0.0
1579,20.167,714,0.0
1580,20.178167,714,0.0
1581,20.189333,714,0.0
1582,20.2005,714,0.0
1583,20.211667,714,0.0
1584,20.234,714,0.0
1585,20.245167,714,0.0
1586,20.256333,714,0.0
1587,20.2675,714,0.0
1588,20.278667,714,0.0
1589,20.289833,714,0.0
1590,20.301,714,0.0
1591,20.312167,714,0.0
1592,20.323333,714,0.0
1593,20.3345,714,0.0
1594,20.345667,714,0.0
1595,20.356833,714,0.0
1596,20.379167,714,0.0
1597,20.390333,714,0.0
1598,20.4015,714,0.0
1599,20.412667,714,0.0
1600,20.423833,714,0.0
1601,20.446167,714,0.0
1602,20.457333,714,0.0
1603,20.4685,714,0.0
1604,20.479667,714,0.0
1605,20.490833,714,0.0
1606,20.502,714,0.0
1607,20.513167,714,0.0
1608,20.5355,714,0.0
1609,20.546667,714,0.0
1610,20.557833,714,0.0
1611,20.569,714,0.0
1612,20.580167,714,0.0
1613,20.591333,714,0.0
1614,20.6025,714,0.0
1615,20.613667,714,0.0
1616,20.624833,714,0.0
1617,20.636,714,0.0
1618,20.647167,714,0.0
1619,20.658333,714,0.0
1620,20.6695,714,0.0
1621,20.680667,714,0.0
1622,20.691833,714,0.0
1623,20.703,714,0.0
1624,20.725333,714,0.0
1625,20.7365,714,0.0
1626,20.747667,714,0.0
1627,20.758833,714,0.0
1628,20.77,714,0.0
1629,20.781167,714,0.0
1630,20.792333,714,0.0
1631,20.8035,714,0.0
1632,20.814667,714,0.0
1633,20.837,714,0.0
1634,20.848167,714,0.0
1635,20.859333,714,0.0
1636,20.8705,714,0.0
1637,20.881667,714,0.0
1638,20.892833,714,0.0
1639,20.904,714,0.0
1640,20.915167,714,0.0
1641,20.926333,714,0.0
1642,20.9375,714,0.0
1643,20.948667,714,0.0
1644,20.959833,714,0.001418
1645,20.971,714,0.001418
1646,20.982167,714,0.001418
1647,20.993333,714,0.001418
1648,21.015667,714,0.001418
1649,21.026833,714,0.001418
1650,21.038,714,0.001418
1651,21.049167,714,0.001418
1652,21.060333,714,0.001418
1653,21.0715,714,0.001418
1654,21.082667,714,0.001418
1655,21.093833,714,0.001418
1656,21.105,714,0.001418
1657,21.116167,714,0.001418
1658,21.127333,714,0.001418
1659,21.1385,714,0.001418
1660,21.149667,714,0.001418
1661,21.160833,714,0.001418
1662,21.172,714,0.001418
1663,21.183167,714,0.001418
1664,21.194333,714,0.001418
1665,21.2055,714,0.001418
1666,21.216667,714,0.001418
1667,21.227833,714,0.001418
1668,21.250167,714,0.382979
1669,21.261333,714,0.380142
1670,21.2725,714,0.32766
1671,21.283667,714,0.310638
1672,21.294833,714,0.26383
1673,21.317167,714,0.231206
1674,21.328333,714,0.175887
1675,21.3395,714,0.164539
1676,21.350667,714,0.110638
1677,21.361833,714,0.097872
1678,21.373,714,0.097872
1679,21.384167,714,0.097872
1680,21.4065,714,0.0
1681,21.417667,714,0.0
1682,21.428833,714,0.0
1683,21.451167,714,0.0
1684,21.462333,714,0.0
1685,21.4735,714,0.0
1686,21.484667,714,0.0
1687,21.495833,714,0.0
1688,21.507,714,0.0
1689,21.518167,714,0.0
1690,21.5405,714,0.0
1691,21.551667,714,0.0
1692,21.562833,714,0.0
1693,21.574,714,0.0
1694,21.585167,714,0.0
1695,21.6075,714,0.0
1696,21.618667,714,0.0
1697,21.629833,714,0.0
1698,21.641,714,0.0
1699,21.652167,714,0.0
1700,21.663333,714,0.0
1701,21.685667,714,0.0
1702,21.696833,714,0.0
1703,21.708,714,0.0
1704,21.719167,714,0.0
1705,21.730333,714,0.0
1706,21.7415,714,0.0
1707,21.763833,714,0.0
1708,21.775,714,0.0
1709,21.786167,714,0.0
1710,21.797333,714,0.0
1711,21.8085,714,0.0
1712,21.819667,714,0.0
1713,21.830833,714,0.0
1714,21.853167,714,0.0
1715,21.864333,714,0.0
1716,21.8755,714,0.0
1717,21.886667,714,0.0
1718,21.897833,714,0.0
1719,21.909,714,0.0
1720,21.920167,714,0.0
1721,21.931333,714,0.0
1722,21.953667,714,0.0
1723,21.964833,714,0.0
1724,21.976,714,0.0
1725,21.987167,714,0.0
1726,21.998333,714,0.0
1727,22.0095,714,0.0
1728,22.020667,714,0.0
1729,22.031833,714,0.0
1730,22.054167,714,0.0
1731,22.065333,714,0.0
1732,22.0765,714,0.0
1733,22.087667,714,0.0
1734,22.098833,714,0.0
1735,22.11,714,0.0
1736,22.121167,714,0.0
1737,22.1435,714,0.0
1738,22.154667,714,0.0
1739,22.165833,714,0.0
1740,22.177,714,0.0
1741,22.188167,714,0.0
1742,22.2105,714,0.0
1743,22.232833,714,0.0
1744,22.244,714,0.0
1745,22.255167,714,0.0
1746,22.266333,714,0.0
1747,22.2775,714,0.0
1748,22.288667,714,0.0
1749,22.311,714,0.0
1750,22.322167,714,0.0
1751,22.333333,714,0.0
1752,22.3445,714,0.0
1753,22.355667,714,0.0
1754,22.366833,714,0.0
1755,22.378,714,0.0
1756,22.389167,714,0.0
1757,22.400333,714,0.0
1758,22.4115,714,0.0
1759,22.422667,714,0.0
1760,22.433833,714,0.0
1761,22.445,714,0.0
1762,22.456167,714,0.0
1763,22.467333,714,0.0
1764,22.4785,714,0.0
1765,22.500833,714,0.0
1766,22.512,714,0.0
1767,22.523167,714,0.0
1768,22.534333,714,0.0
1769,22.5455,714,0.0
1770,22.556667,714,0.0
1771,22.567833,714,0.0
1772,22.579,714,0.0
1773,22.590167,714,0.0
1774,22.601333,714,0.0
1775,22.6125,714,0.0
1776,22.623667,714,0.0
1777,22.634833,714,0.0
1778,22.646,714,0.0
1779,22.657167,714,0.0
1780,22.668333,714,0.0
1781,22.6795,714,0.0
1782,22.690667,714,0.0
1783,22.701833,714,0.0
1784,22.713,714,0.0
1785,22.724167,714,0.0
1786,22.7465,714,0.0
1787,22.768833,714,0.0
1788,22.78,714,0.0
1789,22.791167,714,0.0
1790,22.802333,714,0.0
1791,22.8135,714,0.0
1792,22.824667,714,0.0
1793,22.835833,714,0.0
1794,22.847,714,0.0
1795,22.858167,714,0.0
1796,22.869333,714,0.0
1797,22.8805,714,0.0
1798,22.891667,714,0.0
1799,22.902833,714,0.0
1800,22.914,714,0.0
1801,22.925167,714,0.0
1802,22.936333,714,0.0
1803,22.9475,714,0.0
1804,22.958667,714,0.0
1805,22.969833,714,0.0
1806,22.981,714,0.0
1807,22.992167,714,0.0
1808,23.003333,714,0.0
1809,23.0145,714,0.0
1810,23.025667,714,0.0
1811,23.036833,714,0.0
1812,23.048,714,0.0
1813,23.059167,714,0.0
1814,23.070333,714,0.0
1815,23.0815,714,0.0
1816,23.092667,714,0.0
1817,23.103833,714,0.0
1818,23.115,714,0.0
1819,23.137333,714,0.0
1820,23.1485,714,0.0
1821,23.159667,714,0.0
1822,23.170833,714,0.0
1823,23.182,714,0.0
1824,23.193167,714,0.0
1825,23.2155,714,0.0
1826,23.226667,714,0.0
1827,23.237833,714,0.0
1828,23.249,714,0.0
1829,23.260167,714,0.0
1830,23.271333,714,0.0
1831,23.2825,714,0.0
1832,23.293667,714,0.0
1833,23.304833,714,0.0
1834,23.316,714,0.0
1835,23.327167,714,0.0
1836,23.338333,714,0.0
1837,23.3495,714,0.0
1838,23.360667,714,0.0
1839,23.371833,714,0.0
1840,23.383,714,0.0
1841,23.405333,714,0.0
1842,23.4165,714,0.0
1843,23.427667,714,0.0
1844,23.438833,714,0.0
1845,23.45,714,0.0
1846,23.461167,714,0.0
1847,23.472333,714,0.0
1848,23.4835,714,0.0
1849,23.505833,714,0.0
1850,23.517,714,0.0
1851,23.528167,714,0.0
1852,23.539333,714,0.0
1853,23.5505,714,0.0
1854,23.561667,714,0.0
1855,23.584,714,0.0
1856,23.606333,714,0.0
1857,23.6175,714,0.0
1858,23.628667,714,0.0
1859,23.639833,714,0.0
1860,23.651,714,0.0
1861,23.662167,714,0.0
1862,23.673333,714,0.0
1863,23.6845,714,0.0
1864,23.695667,714,0.0
1865,23.706833,714,0.0
1866,23.718,714,0.0
1867,23.729167,714,0.0
1868,23.740333,714,0.0
1869,23.7515,714,0.0
1870,23.762667,714,0.0
1871,23.785,714,0.0
1872,23.796167,714,0.0
1873,23.807333,714,0.0
1874,23.8185,714,0.0
1875,23.829667,714,0.0
1876,23.840833,714,0.0
1877,23.852,714,0.0
1878,23.863167,714,0.0
1879,23.874333,714,0.0
1880,23.8855,714,0.0
1881,23.907833,714,0.0
1882,23.919,714,0.0
1883,23.930167,714,0.0
1884,23.941333,714,0.0
1885,23.9525,714,0.0
1886,23.963667,714,0.0
1887,23.974833,714,0.0
1888,23.997167,714,0.0
1889,24.008333,714,0.0
1890,24.0195,714,0.0
1891,24.030667,714,0.0
1892,24.041833,714,0.0
1893,24.064167,714,0.0
1894,24.075333,714,0.0
1895,24.0865,714,0.0
1896,24.097667,714,0.0
1897,24.108833,714,0.0
1898,24.12,714,0.0
1899,24.131167,714,0.0
1900,24.142333,714,0.0
1901,24.1535,714,0.0
1902,24.175833,714,0.0
1903,24.187,714,0.0
1904,24.198167,714,0.0
1905,24.209333,714,0.0
1906,24.2205,714,0.0
1907,24.231667,714,0.0
1908,24.242833,714,0.0
1909,24.254,714,0.0
1910,24.276333,714,0.0
1911,24.2875,714,0.0
1912,24.298667,714,0.0
1913,24.309833,714,0.0
1914,24.321,714,0.0
1915,24.332167,714,0.0
1916,24.3545,714,0.0
1917,24.365667,714,0.0
1918,24.376833,714,0.0
1919,24.388,714,0.0
1920,24.399167,714,0.0
1921,24.410333,714,0.0
1922,24.432667,714,0.0
1923,24.443833,714,0.0
1924,24.455,714,0.0
1925,24.466167,714,0.0
1926,24.477333,714,0.0
1927,24.4885,714,0.0
1928,24.499667,714,0.0
1929,24.510833,714,0.0
1930,24.522,714,0.0
1931,24.533167,714,0.0
1932,24.544333,714,0.0
1933,24.5555,714,0.0
1934,24.566667,714,0.0
1935,24.577833,714,0.0
1936,24.589,714,0.0
1937,24.600167,714,0.0
1938,24.611333,714,0.0
1939,24.6225,714,0.0
1940,24.633667,714,0.0
1941,24.644833,714,0.0
1942,24.656,714,0.0
1943,24.667167,714,0.0
1944,24.678333,714,0.0
1945,24.6895,714,0.0
1946,24.700667,714,0.0
1947,24.711833,714,0.0
1948,24.723,714,0.0
1949,24.734167,714,0.0
1950,24.745333,714,0.0
1951,24.7565,714,0.0
1952,24.767667,714,0.0
1953,24.778833,714,0.0
1954,24.79,714,0.0
1955,24.801167,714,0.0
1956,24.812333,714,0.0
1957,24.8235,714,0.0
1958,24.834667,714,0.0
1959,24.845833,714,0.0
1960,24.857,714,0.0
1961,24.879333,714,0.0
1962,24.901667,714,0.0
1963,24.912833,714,0.0
1964,24.935167,714,0.0
1965,24.9575,714,0.0
1966,24.968667,714,0.0
1967,24.979833,714,0.0
1968,25.002167,714,0.0
1969,25.013333,714,0.0
1970,25.0245,714,0.0
1971,25.035667,714,0.0
1972,25.046833,714,0.0
1973,25.069167,714,0.0
1974,25.080333,714,0.0
1975,25.102667,714,0.0
1976,25.113833,714,0.0
1977,25.125,714,0.0
1978,25.136167,714,0.0
1979,25.147333,714,0.0
1980,25.1585,714,0.0
1981,25.169667,714,0.0
1982,25.180833,714,0.0
1983,25.192,714,0.0
1984,25.214333,714,0.0
1985,25.236667,714,0.0
1986,25.247833,714,0.0
1987,25.259,714,0.0
1988,25.270167,714,0.0
1989,25.281333,714,0.0
1990,25.2925,714,0.0
1991,25.314833,714,0.0
1992,25.326,714,0.0
1993,25.337167,714,0.0
1994,25.348333,714,0.0
1995,25.3595,714,0.0
1996,25.370667,714,0.0
1997,25.381833,714,0.0
1998,25.393,714,0.0
1999,25.404167,714,0.0
2000,25.415333,714,0.0
2001,25.437667,714,0.0
2002,25.448833,714,0.0
2003,25.471167,714,0.0
2004,25.482333,714,0.0
2005,25.4935,714,0.0
2006,25.504667,714,0.0
2007,25.515833,714,0.0
2008,25.527,714,0.0
2009,25.538167,714,0.0
2010,25.549333,714,0.0
2011,25.5605,714,0.0
2012,25.571667,714,0.0
2013,25.582833,714,0.0
2014,25.594,714,0.0
2015,25.605167,714,0.0
2016,25.616333,714,0.0
2017,25.638667,714,0.0
2018,25.649833,714,0.0
2019,25.661,714,0.0
2020,25.672167,714,0.0
2021,25.683333,714,0.0
2022,25.705667,714,0.0
2023,25.716833,714,0.0
2024,25.728,714,0.0
2025,25.739167,714,0.0
2026,25.750333,714,0.0
2027,25.7615,714,0.0
2028,25.772667,714,0.473759
2029,25.783833,714,0.473759
2030,25.795,714,0.473759
2031,25.806167,714,0.473759
2032,25.817333,714,0.473759
2033,25.8285,714,0.473759
2034,25.839667,714,0.473759
2035,25.850833,714,0.473759
2036,25.862,714,0.473759
2037,25.873167,714,0.473759
2038,25.884333,714,0.473759
2039,25.906667,714,0.473759
2040,25.917833,765,27.808511
2041,25.929,765,27.808511
2042,25.940167,765,27.808511
2043,25.9625,765,27.808511
2044,25.973667,765,27.808511
2045,25.984833,765,27.808511
2046,25.996,765,27.808511
2047,26.018333,765,27.808511
2048,26.0295,765,27.808511
2049,26.040667,765,27.808511
2050,26.051833,765,27.808511
2051,26.063,765,27.808511
2052,26.074167,765,27.808511
2053,26.085333,765,27.808511
2054,26.107667,765,27.808511
2055,26.118833,765,27.808511
2056,26.13,765,27.808511
2057,26.141167,765,27.808511
2058,26.152333,765,27.808511
2059,26.174667,765,27.808511
2060,26.185833,765,27.808511
2061,26.197,765,27.808511
2062,26.208167,765,27.808511
2063,26.219333,765,27.808511
2064,26.241667,765,27.808511
2065,26.252833,765,27.808511
2066,26.264,765,27.808511
2067,26.275167,765,27.808511
2068,26.286333,765,27.808511
2069,26.2975,765,27.808511
2070,26.319833,765,27.808511
2071,26.342167,765,27.808511
2072,26.353333,765,27.808511
2073,26.3645,765,27.808511
2074,26.386833,765,27.808511
2075,26.409167,765,27.808511
2076,26.420333,765,27.808511
2077,26.4315,765,27.808511
2078,26.442667,765,27.808511
2079,26.453833,765,27.808511
2080,26.476167,765,27.808511
2081,26.487333,765,27.808511
2082,26.4985,765,27.808511
2083,26.509667,765,27.808511
2084,26.520833,765,27.808511
2085,26.532,765,27.808511
2086,26.554333,765,27.808511
2087,26.5655,765,27.808511
